{"coco/bbox_mAP": 0.791, "coco/bbox_mAP_50": 0.966, "coco/bbox_mAP_75": 0.966, "coco/bbox_mAP_s": -1.0, "coco/bbox_mAP_m": -1.0, "coco/bbox_mAP_l": 0.791, "data_time": 0.9027416706085205, "time": 1.629131707278165}