{"lr": 2.5863685344827587e-05, "data_time": 0.9293302536010742, "loss": 2.7148866653442383, "loss_cls": 2.014492630958557, "loss_bbox": 0.7003940582275391, "time": 1.7499839782714843, "epoch": 1, "memory": 1623, "step": 5}
{"lr": 6.465640086206897e-05, "data_time": 0.6966034715825861, "loss": 2.7786470543254507, "loss_cls": 2.1048687479712744, "loss_bbox": 0.67377831177278, "time": 1.254994110627608, "epoch": 2, "memory": 1623, "step": 11}
{"lr": 0.00010344911637931034, "data_time": 0.6557941016028909, "loss": 2.8124816137201645, "loss_cls": 2.1562493198058186, "loss_bbox": 0.656232286902035, "time": 1.1662678858813118, "epoch": 3, "memory": 1623, "step": 17}
{"lr": 0.00014224183189655168, "data_time": 0.6694835579913595, "loss": 2.7886952317279317, "loss_cls": 2.124497589857682, "loss_bbox": 0.6641976444617562, "time": 1.1688115285790486, "epoch": 4, "memory": 1623, "step": 23}
{"lr": 0.000181034547413793, "data_time": 0.6336278093272242, "loss": 2.7845862733906714, "loss_cls": 2.124135913520024, "loss_bbox": 0.6604503680919779, "time": 1.0859098105595029, "epoch": 5, "memory": 1623, "step": 29}
{"lr": 0.0001874999999999999, "data_time": 0.6629694870540074, "loss": 2.773075601032802, "loss_cls": 2.1163647174835205, "loss_bbox": 0.656710890361241, "time": 1.0922245570591518, "epoch": 6, "memory": 1623, "step": 35}
{"lr": 0.0001874999999999999, "data_time": 0.6390296424307474, "loss": 2.7807354287403387, "loss_cls": 2.1374767349987494, "loss_bbox": 0.6432586915609313, "time": 1.0476668753275058, "epoch": 7, "memory": 1623, "step": 41}
{"lr": 0.0001874999999999999, "data_time": 0.6216340572276013, "loss": 2.805402091208925, "loss_cls": 2.185870622066741, "loss_bbox": 0.6195314678739994, "time": 1.0270117495922333, "epoch": 8, "memory": 1623, "step": 47}
{"lr": 0.0001874999999999999, "data_time": 0.5782499647140503, "loss": 2.8120280504226685, "loss_cls": 2.213257827758789, "loss_bbox": 0.5987702196836472, "time": 0.9250230264663696, "epoch": 9, "memory": 1623, "step": 53}
{"lr": 0.0001874999999999999, "data_time": 0.5785379505157471, "loss": 2.7902275943756103, "loss_cls": 2.208217134475708, "loss_bbox": 0.5820104551315307, "time": 0.9182603120803833, "epoch": 10, "memory": 1623, "step": 59}
{"coco/bbox_mAP": 0.354, "coco/bbox_mAP_50": 0.479, "coco/bbox_mAP_75": 0.41, "coco/bbox_mAP_s": 0.598, "coco/bbox_mAP_m": 0.615, "coco/bbox_mAP_l": -1.0, "data_time": 0.013854228533231296, "time": 0.046437391868004434, "step": 10}
{"lr": 0.0001874999999999999, "data_time": 0.6118008279800415, "loss": 2.7449811267852784, "loss_cls": 2.186224863529205, "loss_bbox": 0.5587562614679337, "time": 0.9408192253112793, "epoch": 11, "memory": 1623, "step": 65}
{"lr": 0.0001874999999999999, "data_time": 0.5969306230545044, "loss": 2.676655852794647, "loss_cls": 2.1520168662071226, "loss_bbox": 0.5246389842033387, "time": 0.9007671070098877, "epoch": 12, "memory": 1623, "step": 71}
{"lr": 0.0001874999999999999, "data_time": 0.5888148403167724, "loss": 2.553372437953949, "loss_cls": 2.0673397469520567, "loss_bbox": 0.4860326850414276, "time": 0.8900848436355591, "epoch": 13, "memory": 1623, "step": 77}
{"lr": 0.0001874999999999999, "data_time": 0.5744509744644165, "loss": 2.412404441833496, "loss_cls": 1.96076464176178, "loss_bbox": 0.45163979470729826, "time": 0.8805879259109497, "epoch": 14, "memory": 1623, "step": 83}
{"lr": 0.0001874999999999999, "data_time": 0.5848890447616577, "loss": 2.2559610199928284, "loss_cls": 1.8262010610103607, "loss_bbox": 0.4297599583864212, "time": 0.8883918571472168, "epoch": 15, "memory": 1623, "step": 89}
{"lr": 0.0001874999999999999, "data_time": 0.591811842918396, "loss": 2.064692301750183, "loss_cls": 1.6453514337539672, "loss_bbox": 0.4193408662080765, "time": 0.889968433380127, "epoch": 16, "memory": 1623, "step": 95}
{"lr": 0.0001874999999999999, "data_time": 0.5948162984848022, "loss": 1.8499806094169617, "loss_cls": 1.4477353823184966, "loss_bbox": 0.4022452312707901, "time": 0.8853047227859497, "epoch": 17, "memory": 1623, "step": 101}
{"lr": 0.0001874999999999999, "data_time": 0.5839120149612427, "loss": 1.6691739082336425, "loss_cls": 1.2870229887962341, "loss_bbox": 0.38215092331171036, "time": 0.8813969421386719, "epoch": 18, "memory": 1623, "step": 107}
{"lr": 0.0001874999999999999, "data_time": 0.5443699455261231, "loss": 1.487991887331009, "loss_cls": 1.1206390106678008, "loss_bbox": 0.3673528817296028, "time": 0.8501730155944824, "epoch": 19, "memory": 1623, "step": 113}
{"lr": 0.0001874999999999999, "data_time": 0.5627310752868653, "loss": 1.3211070501804352, "loss_cls": 0.9623459208011628, "loss_bbox": 0.35876113176345825, "time": 0.8768147039413452, "epoch": 20, "memory": 1623, "step": 119}
{"coco/bbox_mAP": 0.6, "coco/bbox_mAP_50": 0.775, "coco/bbox_mAP_75": 0.712, "coco/bbox_mAP_s": 0.709, "coco/bbox_mAP_m": 0.696, "coco/bbox_mAP_l": -1.0, "data_time": 0.013982259310208835, "time": 0.04256271398984469, "step": 20}
{"lr": 0.00018701210630623673, "data_time": 0.567208685874939, "loss": 1.2032840490341186, "loss_cls": 0.8514197111129761, "loss_bbox": 0.35186434388160703, "time": 0.886086802482605, "epoch": 21, "memory": 1623, "step": 125}
{"lr": 0.00018446526890387004, "data_time": 0.5831190156936645, "loss": 1.1392868864536285, "loss_cls": 0.7891559976339341, "loss_bbox": 0.3501308965682983, "time": 0.8956397771835327, "epoch": 22, "memory": 1623, "step": 131}
{"lr": 0.00017980014232129403, "data_time": 0.5771665048599243, "loss": 1.0611363470554351, "loss_cls": 0.7181198519468307, "loss_bbox": 0.3430165010690689, "time": 0.8908752059936523, "epoch": 23, "memory": 1623, "step": 137}
{"lr": 0.00017313159745763925, "data_time": 0.5698076248168945, "loss": 0.9942121875286102, "loss_cls": 0.658232342004776, "loss_bbox": 0.33597985208034514, "time": 0.8830420303344727, "epoch": 24, "memory": 1623, "step": 143}
{"lr": 0.00016462383601908038, "data_time": 0.5684763240814209, "loss": 0.9752457225322724, "loss_cls": 0.638529012799263, "loss_bbox": 0.33671671628952027, "time": 0.8865148162841797, "epoch": 25, "memory": 1623, "step": 149}
{"lr": 0.0001544863473278761, "data_time": 0.5796604919433593, "loss": 0.9432006919384003, "loss_cls": 0.6083000010251999, "loss_bbox": 0.3349007001519203, "time": 0.8948899793624878, "epoch": 26, "memory": 1623, "step": 155}
{"lr": 0.00014296874999999998, "data_time": 0.5859090423583985, "loss": 0.9020175933837891, "loss_cls": 0.5734215831756592, "loss_bbox": 0.32859601706266406, "time": 0.9003845643997193, "epoch": 27, "memory": 1623, "step": 161}
{"lr": 0.0001303546455063783, "data_time": 0.5876234865188599, "loss": 0.8814748835563659, "loss_cls": 0.5585637992620468, "loss_bbox": 0.32291108965873716, "time": 0.8985280990600586, "epoch": 28, "memory": 1623, "step": 167}
{"lr": 0.00011695463496345667, "data_time": 0.5862265300750732, "loss": 0.8790751683712006, "loss_cls": 0.5585280287265778, "loss_bbox": 0.32054714381694793, "time": 0.8940397787094116, "epoch": 29, "memory": 1623, "step": 173}
{"lr": 0.00010309867110288716, "data_time": 0.5566566133499146, "loss": 0.8614159786701202, "loss_cls": 0.5455601340532303, "loss_bbox": 0.3158558487892151, "time": 0.8682043075561523, "epoch": 30, "memory": 1623, "step": 179}
{"coco/bbox_mAP": 0.678, "coco/bbox_mAP_50": 0.824, "coco/bbox_mAP_75": 0.779, "coco/bbox_mAP_s": 0.717, "coco/bbox_mAP_m": 0.788, "coco/bbox_mAP_l": -1.0, "data_time": 0.01634808075733674, "time": 0.04562745338831192, "step": 30}
{"lr": 8.912793374022463e-05, "data_time": 0.5489638566970825, "loss": 0.8227392280101776, "loss_cls": 0.514242434501648, "loss_bbox": 0.308496797978878, "time": 0.8654455375671387, "epoch": 31, "memory": 1623, "step": 185}
{"lr": 7.538642879555673e-05, "data_time": 0.5580614566802978, "loss": 0.8067032933235169, "loss_cls": 0.506370861530304, "loss_bbox": 0.3003324356675148, "time": 0.8843680715560913, "epoch": 32, "memory": 1623, "step": 191}
{"lr": 6.221251772606156e-05, "data_time": 0.5359576082229615, "loss": 0.8150286030769348,