{"coco/bbox_mAP": 0.678, "coco/bbox_mAP_50": 0.824, "coco/bbox_mAP_75": 0.779, "coco/bbox_mAP_s": 0.717, "coco/bbox_mAP_m": 0.788, "coco/bbox_mAP_l": -1.0, "data_time": 0.014454364776611328, "time": 0.07671053592975323}