{"coco/AP": 0.7443132844862023,
  "coco/AP .5": 1.0,
  "coco/AP .75": 0.9691183404054693,
  "coco/AP (M)": -1.0,
  "coco/AP (L)": 0.7443132844862023,
  "coco/AR": 0.7738095238095237,
  "coco/AR .5": 1.0,
  "coco/AR .75": 0.9761904761904762,
  "coco/AR (M)": -1.0,
  "coco/AR (L)": 0.7738095238095237,
  "PCK": 0.9705215419501133,
  "AUC": 0.1349206349206349,
  "NME": 0.041337742016158675,
  "data_time": 1.6720483303070068,
  "time": 2.211499253908793}